<?xml version="1.0" encoding="UTF-8" standalone="yes"?>
<addon id="repository.theloop" name="The Loop Repo" version="1.0" provider-name="Munkee">
	<extension point="xbmc.addon.repository" name="The Loop Repo">
		<dir>
			<info compressed="false">https://raw.githubusercontent.com/LoopAddon/repository.theloop/master/zips/addons.xml</info>
			<checksum>https://raw.githubusercontent.com/LoopAddon/repository.theloop/master/zips/addons.xml.md5</checksum>
			<datadir zip="true">https://raw.githubusercontent.com/LoopAddon/repository.theloop/master/zips/</datadir>
		</dir>
	</extension>
	<extension point="xbmc.addon.metadata">
		<summary lang="en">The Loop Repo</summary>
		<description lang="en">This is the repository for The Loop and its associated addons.</description>
		<genre></genre>
	</extension>
</addon>